{
    "intercept": 1.984816497921944,
    "coef_temp_t": 0.9877637987608909,
    "coef_humidity_t": -0.030495671642344183,
    "mae": 0.38174738620452986,
    "rmse": 0.45111929595082595,
    "r2": 0.8918177090357761
}