feature,importance
temp_c,0.462120994893989
mq2_pct,0.2661244990876356
humidity,0.16229904562954534
ldr_pct,0.10945546038883018
